metric,rating,nRows,pearson_r,pearson_p,spearman_rho,spearman_p,withinSubject_r,withinSubject_p,withinRows
clipDynamicMedian,valence,1681,0.192632427421912,1.62861173705221e-15,0.184805434701853,2.21892261635181e-14,0.201244933314123,8.06579362707537e-17,1681
bh3_hr_mean,valence,1681,0.0644187027499382,0.00824310795201547,0.0283657772238998,0.245086973544667,0.110990952884664,5.0827391838596e-06,1681
e4_eda_std,valence,1681,0.0779700960413207,0.00137777393451371,0.0454356904454276,0.0625411752512103,0.0756044255471811,0.00192272548251419,1681
bh3_br_mean,valence,1681,0.0220005102348217,0.36734429972667,0.0272975765377905,0.263320834507254,0.0688855493257223,0.00471975421167235,1681
e4_hr_mean,valence,1681,0.0528713147934913,0.0301870343271762,0.0383409180878929,0.11609299682855,0.0598695387730185,0.0140873805521038,1681
e4_eda_mean,valence,1681,0.0318930340112032,0.1912214805513,0.0461902468312311,0.0583044310129251,0.0467288788808943,0.0554280973399499,1681
e4_skt_mean,valence,1681,-0.0361211482683934,0.138780260394017,-0.0197315195699021,0.418820512720172,-0.0336351864569645,0.168077714101379,1681
