phase,nFrames,mean,std,median,p75,p90,p95,p99,max
baseline,452788,19.19634519403,22.0958149905086,12.4065385824817,20.0659681505935,37.1877913866733,53.8543824008854,110.900084456088,516.962201716907
video,5533223,10.4850394832918,7.92717865381458,8.49821068404045,11.0462524240017,15.7456165049722,21.7414516754982,43.4541980542805,425.909566816464
post,271335,14.8682690691753,12.5578094025093,10.0443467779447,17.4904935684859,30.0235396669303,39.6190198576137,63.7719348805943,218.987934719916
walking,2252687,192.913912291773,84.0911281950052,200.934716501179,249.948545359525,290.989499494315,317.691131808774,381.589703604875,885.629198978801
