valenceBin,nRows,meanClipDynamic,medianClipDynamic,meanCenteredClipDynamic,medianCenteredClipDynamic
1-3,337,8.68312709210734,8.3472847866835,-0.356431836087893,-0.322088303437972
4-6,766,9.21117640909415,8.67255789104144,-0.147260677790439,-0.190247165296477
7-9,570,9.90270527370161,9.28206043385888,0.40863018938438,-0.00366882189430262
