pearson_r,pearson_p,spearman_rho,spearman_p,nRows
0.201253049041418,9.51093907585801e-17,0.236337810183529,1.14074252710173e-22,1673
