normalization,thrFull,thrMicro
absolute,10.6870657178357,1.46441666149743
baseline-normalized,1.47184147473324,0.227471207062763
